{
    "structure_info": {
        "dofs_per_node": 6,
        "dimension": "3D",
        "force_labels": [
            "Fx",
            "Fy",
            "Fz",
            "Mx",
            "My",
            "Mz"
        ],
        "displacement_labels": [
            "u",
            "v",
            "w",
            "ɸx",
            "ɸy",
            "ɸz"
        ],
        "element_type": "3D_Frame"
    },
    "cross_sections": {
        "RECT1": {
            "type": "Solid_Rectangular",
            "dimensions": [
                0.2,
                0.3
            ]
        }
    },
    "elements": {
        "1": {
            "node1": 1,
            "node2": 2,
            "section_code": "RECT1",
            "E": 210.0,
            "v": 0.3,
            "G": 80.76923076923076,
            "J": 0.0017999999999999997,
            "Iy": 0.00044999999999999993,
            "Iz": 0.00020000000000000006,
            "A": 0.06,
            "length": 5.0,
            "angle": [
                0.0,
                0.0
            ],
            "lmn": [
                1.0,
                0.0,
                0.0
            ],
            "angle_x": 0.7853981633974483,
            "angle_y": 0.0,
            "angle_z": 0.0
        },
        "2": {
            "node1": 2,
            "node2": 3,
            "section_code": "RECT1",
            "E": 210.0,
            "v": 0.3,
            "G": 80.76923076923076,
            "J": 0.0017999999999999997,
            "Iy": 0.00044999999999999993,
            "Iz": 0.00020000000000000006,
            "A": 0.06,
            "length": 5.0,
            "angle": [
                0.0,
                0.0
            ],
            "lmn": [
                1.0,
                0.0,
                0.0
            ],
            "angle_x": 0.7853981633974483,
            "angle_y": 0.0,
            "angle_z": 0.0
        },
        "3": {
            "node1": 3,
            "node2": 4,
            "section_code": "RECT1",
            "E": 210.0,
            "v": 0.3,
            "G": 80.76923076923076,
            "J": 0.0017999999999999997,
            "Iy": 0.00044999999999999993,
            "Iz": 0.00020000000000000006,
            "A": 0.06,
            "length": 5.0,
            "angle": [
                0.0,
                0.0
            ],
            "lmn": [
                1.0,
                0.0,
                0.0
            ],
            "angle_x": 0.7853981633974483,
            "angle_y": 0.0,
            "angle_z": 0.0
        },
        "4": {
            "node1": 4,
            "node2": 5,
            "section_code": "RECT1",
            "E": 210.0,
            "v": 0.3,
            "G": 80.76923076923076,
            "J": 0.0017999999999999997,
            "Iy": 0.00044999999999999993,
            "Iz": 0.00020000000000000006,
            "A": 0.06,
            "length": 5.0,
            "angle": [
                0.0,
                0.0
            ],
            "lmn": [
                1.0,
                0.0,
                0.0
            ],
            "angle_x": 0.7853981633974483,
            "angle_y": 0.0,
            "angle_z": 0.0
        }
    },
    "nodes": {
        "1": {
            "X": 0.0,
            "Y": 0.0,
            "Z": 0.0,
            "force": [
                20.0,
                null,
                null,
                null,
                null,
                null
            ],
            "displacement": [
                0.0,
                0.0,
                0.0,
                0.0,
                0.0,
                0.0
            ]
        },
        "2": {
            "X": 5.0,
            "Y": 0.0,
            "Z": 0.0,
            "force": [
                null,
                null,
                null,
                null,
                null,
                null
            ],
            "displacement": [
                null,
                null,
                null,
                null,
                null,
                null
            ]
        },
        "3": {
            "X": 5.0,
            "Y": 3.0,
            "Z": 0.0,
            "force": [
                null,
                null,
                null,
                null,
                null,
                null
            ],
            "displacement": [
                null,
                null,
                null,
                null,
                null,
                null
            ]
        },
        "4": {
            "X": 5.0,
            "Y": 3.0,
            "Z": 4.0,
            "force": [
                0.0,
                -36.0,
                0.0,
                0.0,
                0.0,
                0.0
            ],
            "displacement": [
                null,
                null,
                null,
                null,
                null,
                null
            ]
        },
        "5": {
            "X": 0.0,
            "Y": 4.0,
            "Z": 5.0,
            "force": [
                null,
                null,
                null,
                0.0,
                0.0,
                0.0
            ],
            "displacement": [
                0.0,
                0.0,
                0.0,
                null,
                null,
                null
            ]
        }
    },
    "nodal_displacements": {
        "1": [
            0.0,
            0.0,
            0.0,
            0.0,
            0.0,
            0.0
        ],
        "5": [
            0.0,
            0.0,
            0.0,
            null,
            null,
            null
        ]
    },
    "concentrated_loads": {
        "1": [
            20.0,
            null,
            null,
            null,
            null,
            null
        ],
        "4": [
            0.0,
            -36.0,
            0.0,
            0.0,
            0.0,
            0.0
        ]
    },
    "distributed_loads": {
        "1": {
            "type": "Trapezoidal",
            "direction": "-Global_Y",
            "parameters": [
                9,
                12,
                0,
                5
            ]
        },
        "2": {
            "type": "Triangular",
            "direction": "-Global_X",
            "parameters": [
                16,
                0.5
            ]
        },
        "3": {
            "type": "Uniform",
            "direction": "Global_X",
            "parameters": [
                6
            ]
        },
        "4": {
            "type": "Equation",
            "direction": "-Global_Z",
            "parameters": "6*x**2 + 3*x + 2"
        }
    },
    "units": {
        "Modulus (E,G)": "GPa",
        "Moment of Inertia (Iy,Iz,J)": "m\u2074",
        "Cross-Sectional Area (A)": "cm\u00b2",
        "Force (Fx,Fy,Fz)": "kN",
        "Displacement (Dx,Dy,Dz)": "mm",
        "Position (X,Y,Z)": "m"
    }
}